Stock,Title,Link
GGAL,Grupo Financiero Galicia Sa ADR receives Investment Bank Analyst Rating Update,https://www.investing.com/news/pro/grupo-financiero-galicia-sa-adr-receives-investment-bank-analyst-rating-update-3773537
GGAL,Grupo Financiero Galicia Sa ADR receives Investment Bank Analyst Rating Update,https://www.investing.com/news/pro/grupo-financiero-galicia-sa-adr-receives-investment-bank-analyst-rating-update-3711377
GGAL,JPMorgan highlights macroeconomic advantages driving Grupo Financiero Galicia stock,https://www.investing.com/news/company-news/jpmorgan-highlights-macroeconomic-advantages-driving-grupo-financiero-galicia-stock-93CH-3594764
GGAL,Grupo Financiero Galicia Sa ADR receives Investment Bank Analyst Rating Update,https://www.investing.com/news/pro/grupo-financiero-galicia-sa-adr-receives-investment-bank-analyst-rating-update-3594750
GGAL,"MSCI reclassifying Argentina could trigger $1 billion of inflows, JPMorgan says",https://www.investing.com/news/stock-market-news/msci-reclassifying-argentina-could-trigger-1-billion-of-inflows-jpmorgan-says-3578762
GGAL,"Earnings call: Banorte reports solid growth, eyes digital bank expansion",https://www.investing.com/news/stock-market-news/earnings-call-banorte-reports-solid-growth-eyes-digital-bank-expansion-93CH-3384569
GGAL,HSBC takes $1 billion hit from Argentina sale as Asia pivot continues,https://www.investing.com/news/stock-market-news/hsbc-takes-1-billion-hit-from-argentina-sale-as-asia-pivot-continues-3370493
GGAL,"HSBC to sell Argentina business for $550 mln, to clock a loss on sale",https://www.investing.com/news/stock-market-news/hsbc-to-sell-argentina-business-for-550-mln-to-clock-a-loss-on-sale-3370497
GGAL,"Argentina's black market peso slides with eyes on Milei, local equities soar",https://www.investing.com/news/stock-market-news/argentinas-black-market-peso-slides-with-eyes-on-milei-local-equities-soar-3239924
GGAL,"Argentine ETF surges after election, led by small investors",https://www.investing.com/news/stock-market-news/argentine-etf-surges-after-election-led-by-small-investors-3239345
